index,sample,zone,site,ID,ctp,type,CLAY,SILT,SAND,BD,TC,TIC,TOC,path_type,road_width_in,tree,shrub,bare,herb,avg_sm,avg_st,x,y,soiltype,dry21,dry22,wet21,wet22,avg21,avg22,avgdry,avgwet,dist_river,town,dist_town,dist_cp,dist_PA,dist_MNP
1,NA2Fd,CT8,CT8-N,NA2,NA2,Fd,4.03,2.77,93.2,NA,0.26628,0.0009,0.26538,trail,20,0,50,15,35,0.125,19.66666667,23.9804993,-20.6858997,ARh,0.1859803,0.11936087,0.21730714,0.2371158,0.20164372,0.178238335,0.152670585,0.22721147,39069.33923,Moremaoto,57018.70574,2366.580152,36306.71599,42739.03066
2,NA3Fd,CT8,CT8-N,NA3,NA3,Fd,NA,NA,NA,NA,0.26605,0,0.26605,road ,60,15,30,30,25,0.225,26.4,24.0286999,-20.6902008,ARh,0.16688465,0.120164186,0.31913033,0.23505484,0.24300749,0.177609513,0.143524418,0.277092585,38444.61094,Rakops,53925.3092,2741.235569,37560.77403,37798.90971
3,NA4Fd,CT8,CT8-N,NA4,NA4,Fd,NA,NA,NA,NA,0.24681,0.00561,0.2412,road ,48,0,40,30,30,0.475,33.8,24.0785007,-20.6882,ARh,0.19561078,0.12837896,0.37547785,0.25137585,0.285544315,0.189877405,0.16199487,0.31342685,33539.23112,Rakops,50507.18068,2359.557913,32997.2913,32976.03857
4,NA5Fd,CT8,CT8-N,NA5,NA5,Fd,4,2.39,93.61,NA,0.2676,0,0.2676,trail,12,0,40,35,25,0.175,33.33333333,24.1313,-20.6793995,ARh,0.16879024,0.122086145,0.31558165,0.25393885,0.242185945,0.188012498,0.145438193,0.28476025,28738.62243,Khumaga,45800.47987,3466.814098,27821.31471,27803.82887
5,NA6Fd,CT8,CT8-N,NA6,NA6,Fd,NA,NA,NA,NA,0.74015,0.00107,0.73908,road,70,0,15,10,75,0.25,35.36666667,24.1763,-20.6849003,ARh,0.18042226,0.13546216,0.299843,0.2504221,0.24013263,0.19294213,0.15794221,0.27513255,24229.0489,Khumaga,42150.05189,3520.375721,23123.27035,23109.12296
6,NA8Fd,CT8,CT8-N,NA8,NA8,Fd,4,4.88,91.12,1.613535021,0.8149,0.0245,0.7904,trail,36,90,0,8,2,0.6,24.86666667,24.2705002,-20.6751995,CLh,0.20911065,0.1345753,0.30435833,0.22026391,0.25673449,0.177419605,0.171842975,0.26231112,14870.89365,Khumaga,33735.8257,1223.309078,13342.89175,13335.19327
7,NA9Fd,CT8,CT8-N,NA9,NA9,Fd,NA,NA,NA,1.658569269,0.50851,0.00998,0.49853,road ,115,20,10,40,30,0.775,19.56666667,24.3127003,-20.6945,ARh,0.17890468,0.11546004,0.31430528,0.22579001,0.24660498,0.170625025,0.14718236,0.270047645,10342.42053,Khumaga,32220.0503,3275.442747,8916.049159,8911.040608
8,NA10Fd,CT8,CT8-N,NA10,NA10,Fd,3.88,5.03,91.09,1.674725427,0.50068,0.00519,0.49549,clearing,250,15,15,40,30,0.45,15.3,24.3708992,-20.6919003,ARh,0.16197208,0.11517897,0.34617925,0.23367725,0.254075665,0.17442811,0.138575525,0.28992825,4275.716755,Khumaga,28464.12969,2321.077365,2906.212129,2904.646626
9,NB1Fd,CT8,CT8-N,NB1,NB1,Fd,NA,NA,NA,NA,0.2861,0.00696,0.27914,trail,20,0,30,30,40,0.5,26.63333333,23.9326,-20.7187996,ARh,0.18822768,0.106141664,0.27941215,0.24010947,0.233819915,0.173125567,0.147184672,0.25976081,42679.85203,Rakops,59601.19669,1228.688346,31655.38127,46572.42404
10,NB2Fd,CT8,CT8-N,NB2,NB2,Fd,4,2.03,93.97,NA,0.3804,0,0.3804,road ,48,0,40,30,30,0.425,27.4,23.9755001,-20.7257004,ARh,0.1734523,0.12218523,0.2979754,0.23556483,0.23571385,0.17887503,0.147818765,0.266770115,42988.55547,Rakops,55547.82766,4658.214645,31931.81693,42049.9425
11,NB3Fd,CT8,CT8-N,NB3,NB3,Fd,NA,NA,NA,NA,0.30348,0,0.30348,check,NA,15,50,20,15,0.3,25.35,24.0284996,-20.7175999,ARh,0.18061587,0.11914928,0.30867374,0.22498554,0.244644805,0.17206741,0.149882575,0.26682964,37762.88476,Rakops,51865.17855,3816.342911,34790.27527,36970.45262
12,NB4Fd,CT8,CT8-N,NB4,NB4,Fd,NA,NA,NA,NA,0.33316,0,0.33316,road ,60,0,20,30,50,0.575,30.66666667,24.0697002,-20.7241001,ARh,0.20544688,0.12743725,0.3020811,0.24371585,0.25376399,0.18557655,0.166442065,0.272898475,33411.29873,Rakops,48244.09718,2651.98479,32683.31323,32661.94298
13,NB5Fd,CT8,CT8-N,NB5,NB5,Fd,NA,NA,NA,NA,0.32506,0.00033,0.32473,road ,60,0,50,30,20,0.375,32.83333333,24.1303997,-20.7248001,ARh,0.18212983,0.11241103,0.24093996,0.20186368,0.211534895,0.157137355,0.14727043,0.22140182,27216.70074,Rakops,43909.24451,2936.57748,26560.62549,26543.93406
14,NB6Fd,CT8,CT8-N,NB6,NB6,Fd,NA,NA,NA,NA,0.25561,0.00057,0.25504,road ,70,25,15,40,20,0.225,25.16666667,24.1809998,-20.7273006,ARh,0.17960164,0.13199253,0.2806298,0.20738824,0.23011572,0.169690385,0.155797085,0.24400902,22048.47837,Rakops,40519.33803,3006.307166,21471.01308,21457.99719
15,NB7Fd,CT8,CT8-N,NB7,NB7,Fd,NA,NA,NA,NA,0.60294,0,0.60294,trail,20,50,5,15,30,0.525,22.06666667,24.2198009,-20.7227001,ARh,0.18953292,0.13543242,0.35099477,0.237128,0.270263845,0.18628021,0.16248267,0.294061385,18378.87237,Rakops,38842.26137,2148.197786,17949.37804,17938.87959
16,NB8Fd,CT8,CT8-N,NB8,NB8,Fd,NA,NA,NA,NA,0.70012,0.00709,0.69303,clearing,300,40,10,20,30,0.675,19.8,24.2614994,-20.7250996,CLh,0.18253021,0.11985658,0.2995025,0.19167465,0.241016355,0.155765615,0.151193395,0.245588575,14293.8064,Rakops,36702.01168,2230.302212,13862.52531,13854.48153
17,NB9Fd,CT8,CT8-N,NB9,NB9,Fd,NA,NA,NA,NA,0.40138,0,0.40138,trail,60,0,25,35,40,0.425,22.33333333,24.3080006,-20.7296009,ARh,0.18668577,0.11856333,0.2650282,0.23774408,0.225856985,0.178153705,0.15262455,0.25138614,9887.205121,Rakops,34610.33034,4623.885802,8992.108312,8987.041337
18,NB9Rd,CT8,CT8-N,NB9,NB9,Rd,NA,NA,NA,NA,0.28213,0.00275,0.27938,trail,60,0,25,35,40,0.8,21.85,24.3080006,-20.7296009,ARh,0.18668577,0.11856333,0.2650282,0.23774408,0.225856985,0.178153705,0.15262455,0.25138614,9887.205121,Rakops,34610.33034,4623.885802,8992.108312,8987.041337
19,NB10Fd,CT8,CT8-N,NB10,NB10,Fd,4.16,2.64,93.2,1.717117618,0.45569,0.00822,0.44747,trail,30,15,5,50,30,0.5,27.9,24.3593998,-20.7315006,ARh,0.17794454,0.1158094,0.25464025,0.20227133,0.216292395,0.159040365,0.14687697,0.22845579,5110.265262,Khumaga,32867.7268,3108.977664,3660.007979,3658.01988
20,NC1Fd,CT8,CT8-N,NC1,NC1,Fd,6,0,94,NA,0.3366,0.00304,0.33356,trail,20,0,20,40,40,0.525,29.66666667,23.9379997,-20.7656002,ARh,0.15340626,0.11327633,0.33213353,0.2361175,0.242769895,0.174696915,0.133341295,0.284125515,46006.35171,Rakops,56272.74736,1388.086757,26659.90329,45081.9294
21,NC1Rd,CT8,CT8-N,NC1,NC1,Rd,NA,NA,NA,NA,0.37693,0,0.37693,trail,20,0,20,40,40,0.2,26.45,23.9379997,-20.7656002,ARh,0.15340626,0.11327633,0.33213353,0.2361175,0.242769895,0.174696915,0.133341295,0.284125515,46006.35171,Rakops,56272.74736,1388.086757,26659.90329,45081.9294
22,NC2Fd,CT8,CT8-N,NC2,NC2,Fd,3.33,2.79,93.88,NA,0.25399,0,0.25399,road ,48,0,60,25,15,0.725,24.73333333,23.9748001,-20.7717991,ARh,0.17240994,0.11188453,0.26105726,0.1991424,0.2167336,0.155513465,0.142147235,0.23009983,42112.70156,Rakops,52661.11231,2398.321114,27071.30206,41194.18225
23,NC3Fd,CT8,CT8-N,NC3,NC3,Fd,3,2.55,94.45,NA,0.23494,0.00076,0.23418,road ,48,0,0,50,50,0.3,21.63333333,24.0314007,-20.7782001,ARh,0.1945782,0.11616857,0.3223572,0.24177842,0.2584677,0.178973495,0.155373385,0.28206781,36172.94301,Rakops,47398.20978,4607.88124,29034.91584,35258.19644
24,NC4Fd,CT8,CT8-N,NC4,NC4,Fd,NA,NA,NA,NA,0.22029,0.001,0.21929,trail,30,0,30,40,30,0.425,24.26666667,24.0706005,-20.7723007,ARh,0.1945782,0.11616857,0.3223572,0.24177842,0.2584677,0.178973495,0.155373385,0.28206781,32243.19121,Rakops,44579.5727,690.9691113,31328.9957,31308.36151
25,NC4Rd,CT8,CT8-N,NC4,NC4,Rd,NA,NA,NA,NA,0.17971,0,0.17971,trail,30,0,30,40,30,0.95,22.2,24.0706005,-20.7723007,ARh,0.1945782,0.11616857,0.3223572,0.24177842,0.2584677,0.178973495,0.155373385,0.28206781,32243.19121,Rakops,44579.5727,690.9691113,31328.9957,31308.36151
26,NC5Fd,CT8,CT8-N,NC5,NC5,Fd,3,1.75,95.25,NA,0.35077,0,0.35077,trail,15,20,25,25,30,0.45,28.6,24.1194,-20.7735996,ARh,0.19270386,0.10933488,0.33347297,0.24131653,0.263088415,0.175325705,0.15101937,0.28739475,27223.71704,Rakops,40705.94271,3288.152901,26293.2165,26276.40276
27,NC6Fd,CT8,CT8-N,NC6,NC6,Fd,NA,NA,NA,NA,0.36459,0,0.36459,clearing,96,0,20,5,75,0.625,28,24.1716995,-20.7796001,ARh,0.18533084,0.122712314,0.36359426,0.22024003,0.27446255,0.171476172,0.154021577,0.291917145,21752.80675,Rakops,36492.44755,2665.838112,20815.88148,20802.98816
28,NC7Fd,CT8,CT8-N,NC7,NC7,Fd,3,2.31,94.69,1.720176224,0.33658,0,0.33658,road,60,0,15,25,60,0.6,29,24.2145996,-20.7693005,ARh,0.19347988,0.1359025,0.36437175,0.21808684,0.278925815,0.17699467,0.16469119,0.291229295,17607.37563,Rakops,34704.56925,2002.162087,16775.24511,16765.2122
29,NC8Fd,CT8,CT8-N,NC8,NC8,Fd,NA,NA,NA,1.468087311,1.12642,0.26778,0.85864,path,20,80,5,12,3,1,23.3,24.2598,-20.7773991,CLh,0.18131478,0.122098655,0.23412561,0.21670507,0.207720195,0.169401863,0.151706718,0.22541534,12813.68771,Rakops,31533.28896,1825.889013,12023.99632,12016.99427
30,NC9Fd,CT8,CT8-N,NC9,NC9,Fd,4.67,3.91,91.43,NA,0.44268,0.00839,0.43429,clearing,250,0,50,25,25,1.025,25.73333333,24.3057995,-20.7780991,ARh,0.18903974,0.14577502,0.28577384,0.23535466,0.23740679,0.19056484,0.16740738,0.26056425,8104.635115,Rakops,29557.37702,2422.561174,7363.222906,7359.054874
31,NC10Fd,CT8,CT8-N,NC10,NC10,Fd,2.36,3.64,94,1.749358841,0.33816,0.00011,0.33805,clearing,300,20,30,50,0,0.425,21.53333333,24.368,-20.7800999,ARh,0.1889472,0.105785556,0.27822205,0.20309551,0.233584625,0.154440533,0.147366378,0.24065878,1713.357224,Rakops,27872.79706,1191.267544,1521.029607,1520.286622
32,ND1Fd,CT8,CT8-N,ND1,ND1,Fd,4,2.39,93.61,NA,0.31043,0.00056,0.30987,NA,NA,0,10,50,40,0.525,29.35,23.9253006,-20.8223,ARh,0.16692185,0.13139232,0.3615289,0.27839786,0.264225375,0.20489509,0.149157085,0.31996338,46806.39959,Xere,53714.92201,2150.015422,20239.64956,45885.93653
33,ND4Fd,CT8,CT8-N,ND4,ND4,Fd,NA,NA,NA,NA,0.30794,0.00055,0.30739,clearing,NA,0,40,35,25,0.75,26.03333333,24.0667,-20.8187008,ARh,0.1856933,0.11158391,0.28595528,0.2282783,0.23582429,0.169931105,0.148638605,0.25711679,32142.6356,Rakops,41808.04582,4059.409314,27706.7882,31192.4302
34,ND5Fd,CT8,CT8-N,ND5,ND5,Fd,3,2,95,NA,0.29426,0,0.29426,clearing,NA,30,30,20,20,0.525,20.93333333,24.1305008,-20.8178005,ARh,0.19209969,0.12585166,0.34834662,0.24872303,0.270223155,0.187287345,0.158975675,0.298534825,25500.06629,Rakops,36558.42888,1586.308961,24584.18871,24568.49914
35,ND6Fd,CT8,CT8-N,ND6,ND6,Fd,NA,NA,NA,NA,0.73066,0.00401,0.72665,clearing,150,0,10,10,80,0.575,16.96666667,24.1636009,-20.8197994,ARh,0.19209969,0.12585166,0.34834662,0.24872303,0.270223155,0.187287345,0.158975675,0.298534825,22047.79314,Rakops,33838.62133,618.9153472,21129.08856,21115.86469
36,ND7Fd,CT8,CT8-N,ND7,ND7,Fd,NA,NA,NA,NA,0.29939,0,0.29939,clearing,400,50,0,35,15,0.525,20.2,24.2199001,-20.8274002,ARh,0.21052553,0.15638718,0.37305754,0.22894001,0.291791535,0.192663595,0.183456355,0.300998775,16183.96388,Rakops,29207.2371,496.9225889,15227.21986,15218.00144
37,ND8Fd,CT8,CT8-N,ND8,ND8,Fd,5,6.81,88.19,NA,1.65086,0.76349,0.88737,road ,130,50,15,10,25,1.275,21.46666667,24.2677994,-20.8125992,CLh,0.17029664,0.12085251,0.4155813,0.23082177,0.29293897,0.17583714,0.145574575,0.323201535,11257.66423,Rakops,27709.01974,4582.228576,10401.0299,10394.91875
38,ND8Rd,CT8,CT8-N,ND8,ND8,Rd,NA,NA,NA,NA,1.27146,1.09217,0.17929,road ,130,50,15,10,25,2.2,23.45,24.2677994,-20.8125992,CLh,0.17029664,0.12085251,0.4155813,0.23082177,0.29293897,0.17583714,0.145574575,0.323201535,11257.66423,Rakops,27709.01974,4582.228576,10401.0299,10394.91875
39,ND9Fd,CT8,CT8-N,ND9,ND9,Fd,7.21,5.03,87.76,1.721653381,0.50405,0.14318,0.36087,road ,120,5,30,30,35,0.95,25.7,24.3174992,-20.8201008,CLp,0.1662525,0.12582076,0.38926476,0.23204485,0.27775863,0.178932805,0.14603663,0.310654805,6026.6656,Rakops,24766.2297,3663.847438,5221.855649,5218.881621
40,ND10Fd,CT8,CT8-N,ND10,ND10,Fd,4.99,5.47,89.53,1.300845351,1.84263,0.00407,1.83856,trail,200,0,0,0,100,3.1,20.1,24.3673992,-20.8223991,CLp,0.22415262,0.14244306,0.4350825,0.25003096,0.32961756,0.19623701,0.18329784,0.34255673,828.9149485,Rakops,23235.51956,1143.757295,157.0732083,156.9891327
41,ND10Rd,CT8,CT8-N,ND10,ND10,Rd,6.67,4.01,89.32,1.739863702,0.28363,0.00938,0.27425,trail,200,0,0,0,100,0.35,19.1,24.3673992,-20.8223991,CLp,0.22415262,0.14244306,0.4350825,0.25003096,0.32961756,0.19623701,0.18329784,0.34255673,828.9149485,Rakops,23235.51956,1143.757295,157.0732083,156.9891327
42,SA1Fd,CT8,CT8-S,SA1,SA1,Fd,10.97,7.69,81.34,1.507447249,1.44986,0.92115,0.52871,road ,250,0,25,15,60,1.625,20.76666667,24.0468998,-21.2068005,CLp,0.1770509,0.09896113,0.2917065,0.26945502,0.2343787,0.184208075,0.138006015,0.28058076,40716.85146,Xere,28783.62179,3907.244094,12.32340323,53058.81153
43,SA1Rd,CT8,CT8-S,SA1,SA1,Rd,12.62,6.27,81.11,1.524421683,1.42373,0.70081,0.72292,road ,250,0,25,15,60,NA,NA,24.0468998,-21.2068005,CLp,0.1770509,0.09896113,0.2917065,0.26945502,0.2343787,0.184208075,0.138006015,0.28058076,40716.85146,Xere,28783.62179,3907.244094,12.32340323,53058.81153
44,SA2Fd,CT8,CT8-S,SA2,SA2,Fd,NA,NA,NA,NA,0.57688,0.00102,0.57586,road ,72,25,20,15,40,0.75,30.36666667,24.0835991,-21.1702003,LPe,0.17003904,0.09722939,0.27347994,0.22040376,0.22175949,0.158816575,0.133634215,0.24694185,35410.24773,Xere,24244.57413,1022.260935,5491.974512,47515.17884
45,SA3Fd,CT8,CT8-S,SA3,SA3,Fd,8.28,8.05,83.67,NA,0.6044,0.00376,0.60064,clearing,NA,20,30,45,5,1.1,24.7,24.1236,-21.1492004,CLp,0.14433391,0.09743122,0.2803536,0.2402441,0.212343755,0.16883766,0.120882565,0.26029885,30647.19577,Xere,19887.91169,3983.813545,10216.6613,43157.26248
46,SA4Fd,CT8,CT8-S,SA4,SA4,Fd,NA,NA,NA,NA,0.49839,0.00012,0.49827,trail,12,0,0,95,5,1.325,28.95,24.1515007,-21.1046009,CLp,0.1864656,0.11371118,0.23794651,0.22593501,0.212206055,0.169823095,0.15008839,0.23194076,25856.95541,Xere,17428.50327,758.0282966,15492.65718,37460.32902
47,SA4Rd,CT8,CT8-S,SA4,SA4,Rd,NA,NA,NA,NA,0.48134,0,0.48134,trail,12,0,0,95,5,1.05,31.4,24.1515007,-21.1046009,CLp,0.1864656,0.11371118,0.23794651,0.22593501,0.212206055,0.169823095,0.15008839,0.23194076,25856.95541,Xere,17428.50327,758.0282966,15492.65718,37460.32902
48,SA5Fd,CT8,CT8-S,SA5,SA5,Fd,8.33,4.84,86.83,NA,1.01651,0.03699,0.97952,NA,NA,10,0,60,30,1.275,29.76666667,24.1924,-21.0741997,CLp,0.16427018,0.09214355,0.22222222,0.22413063,0.1932462,0.15813709,0.128206865,0.223176425,20668.87561,Xere,14688.43992,3562.474009,20915.04321,32255.56961
49,SA6Fd,CT8,CT8-S,SA6,SA6,Fd,9.27,6.72,84.01,NA,0.80728,0.00379,0.80349,road ,40,0,40,15,45,1.325,24.36666667,24.2283001,-21.0478992,CLp,0.18099399,0.09819836,0.3252845,0.21049984,0.253139245,0.1543491,0.139596175,0.26789217,16252.09783,Xere,13641.34959,5066.368447,25649.65303,27791.9257
50,SA6Rd,CT8,CT8-S,SA6,SA6,Rd,9.89,6.68,83.43,NA,0.84854,0,0.84854,road ,40,0,40,15,45,0.95,23.45,24.2283001,-21.0478992,CLp,0.18099399,0.09819836,0.3252845,0.21049984,0.253139245,0.1543491,0.139596175,0.26789217,16252.09783,Xere,13641.34959,5066.368447,25649.65303,27791.9257
51,SA7Fd,CT8,CT8-S,SA7,SA7,Fd,4.63,5.02,90.35,1.596578784,0.45013,0.00125,0.44888,road ,91,95,0,3,2,0.325,19.23333333,24.2607002,-21.0170002,CLh,0.17583291,0.10194625,0.2559568,0.2229203,0.215894855,0.162433275,0.13888958,0.23943855,12352.94703,Rakops,14509.39482,1014.878863,23163.29527,23151.36465
52,SA7Rd,CT8,CT8-S,SA7,SA7,Rd,4.59,4.04,91.37,NA,0.32076,0,0.32076,road ,91,95,0,3,2,0.5,17.55,24.2607002,-21.0170002,CLh,0.17583291,0.10194625,0.2559568,0.2229203,0.215894855,0.162433275,0.13888958,0.23943855,12352.94703,Rakops,14509.39482,1014.878863,23163.29527,23151.36465
53,SA8Fd,CT8,CT8-S,SA8,SA8,Fd,7.03,8.75,84.23,1.506689199,1.56452,1.04536,0.51916,clearing,250,0,25,45,30,1.525,15.53333333,24.2964001,-20.9789009,CLp,0.17583291,0.10194625,0.2559568,0.2229203,0.215894855,0.162433275,0.13888958,0.23943855,8226.511355,Rakops,12127.20866,3283.77654,17733.36065,17724.54746
54,SB1Fd,CT8,CT8-S,SB1,SB1,Fd,6.88,3.25,89.87,1.607614074,0.43646,0,0.43646,NA,NA,0,5,50,45,0.55,27.2,24.0769005,-21.2423992,CLp,0.16048205,0.100149475,0.35171768,0.24144621,0.256099865,0.170797843,0.130315763,0.296581945,40332.21607,Xere,27165.20345,5494.669078,161.1310686,54404.20166
55,SB2Fd,CT8,CT8-S,SB2,SB2,Fd,NA,NA,NA,1.527474789,0.93592,0.00472,0.9312,trail,24,55,10,30,5,0.675,31.8,24.1135998,-21.2124996,CLp,0.16048205,0.100149475,0.35171768,0.24144621,0.256099865,0.170797843,0.130315763,0.296581945,35292.16341,Xere,22367.98122,2640.154335,5197.441451,49557.35623
56,SB3Fd,CT8,CT8-S,SB3,SB3,Fd,6.33,5,88.67,NA,0.24858,0,0.24858,clearing,NA,70,10,20,0,0.425,20.06666667,24.1492004,-21.1688995,CLp,0.17726587,0.11331416,0.2465135,0.21697204,0.211889685,0.1651431,0.145290015,0.23174277,29475.51241,Xere,17486.89742,2959.273156,11049.26668,43508.31242
57,SB4Fd,CT8,CT8-S,SB4,SB4,Fd,NA,NA,NA,1.352987583,1.05738,0.00036,1.05702,check,NA,50,0,25,25,1,17.46666667,24.1830997,-21.1380005,CLp,0.17301214,0.1132538,0.30185091,0.22456415,0.237431525,0.168908975,0.14313297,0.26320753,24658.2238,Xere,13683.70701,2324.90407,15919.54342,38777.06263
58,SB5Fd,CT8,CT8-S,SB5,SB5,Fd,8.38,9.66,81.97,1.415089762,1.09584,0.00093,1.09491,clearing,NA,40,5,30,25,1.225,14.1,24.2220993,-21.1212997,CLp,0.19248214,0.11776304,0.34697753,0.24753933,0.269729835,0.182651185,0.15512259,0.29725843,20245.95911,Xere,9861.058058,4970.85322,20275.9389,35275.16967
59,SB6Fd,CT8,CT8-S,SB6,SB6,Fd,6,7.15,86.85,NA,0.75481,0.00494,0.74987,road,48,20,15,30,35,0.45,26.96666667,24.2577991,-21.0820007,CLh,0.20077299,0.10589546,0.3601781,0.20741726,0.280475545,0.15665636,0.153334225,0.28379768,14833.83132,Xere,8780.123753,5395.930383,25853.35489,29799.37394
60,SB6Rd,CT8,CT8-S,SB6,SB6,Rd,NA,NA,NA,NA,0.53253,0.00055,0.53198,road,48,20,15,30,35,0.8,25.9,24.2577991,-21.0820007,CLh,0.20077299,0.10589546,0.3601781,0.20741726,0.280475545,0.15665636,0.153334225,0.28379768,14833.83132,Xere,8780.123753,5395.930383,25853.35489,29799.37394
61,SB7Fd,CT8,CT8-S,SB7,SB7,Fd,6,4.33,89.67,1.254243462,1.96484,0.89903,1.06581,road ,85,0,15,65,20,2.6,32.46666667,24.2903004,-21.0482998,CLh,0.18942519,0.12545376,0.33523893,0.20582905,0.26233206,0.165641405,0.157439475,0.27053399,10133.90799,Xere,10530.19447,1781.765404,25139.64666,25127.27329
62,SB7Rd,CT8,CT8-S,SB7,SB7,Rd,NA,NA,NA,NA,2.4772,1.51925,0.95795,road ,85,0,15,65,20,0.15,28.7,24.2903004,-21.0482998,CLh,0.18942519,0.12545376,0.33523893,0.20582905,0.26233206,0.165641405,0.157439475,0.27053399,10133.90799,Xere,10530.19447,1781.765404,25139.64666,25127.27329
63,SC1Fd,CT8,CT8-S,SC1,SC1,Fd,NA,NA,NA,NA,0.52289,0.00276,0.52013,trail,200,90,0,5,5,0.325,20.83333333,24.1114006,-21.2756004,CLp,0.18257622,0.10979929,0.31534955,0.25554118,0.248962885,0.182670235,0.146187755,0.285445365,40054.00621,Xere,25885.09818,4515.406412,841.6584903,55713.12731
64,SC1Rd,CT8,CT8-S,SC1,SC1,Rd,NA,NA,NA,NA,0.23925,0.00299,0.23626,trail,200,90,0,5,5,0.65,25.45,24.1114006,-21.2756004,CLp,0.18257622,0.10979929,0.31534955,0.25554118,0.248962885,0.182670235,0.146187755,0.285445365,40054.00621,Xere,25885.09818,4515.406412,841.6584903,55713.12731
65,SC2Fd,CT8,CT8-S,SC2,SC2,Fd,NA,NA,NA,1.401601185,1.79106,0.00216,1.7889,road ,72,90,0,0,10,3.05,30.36666667,24.1511002,-21.2329998,LPe,0.18573354,0.08745861,0.3211218,0.23316772,0.25342767,0.160313165,0.136596075,0.27714476,33805.11794,Xere,19847.69424,1701.534456,6966.336212,49623.59466
66,SC3Fd,CT8,CT8-S,SC3,SC3,Fd,8,10.33,81.67,NA,1.40366,0.01528,1.38838,check,NA,0,0,5,95,1.65,34.36666667,24.1853008,-21.2042999,LPe,0.17506109,0.10586249,0.23275691,0.2549507,0.203909,0.180406595,0.14046179,0.243853805,29041.43043,Xere,15190.13725,2480.792507,11715.14185,45220.21688
67,SC4Fd,CT8,CT8-S,SC4,SC4,Fd,NA,NA,NA,1.234388399,2.5449,1.3566,1.1883,road ,72,70,5,20,5,2.625,32.06666667,24.2229996,-21.1856995,CLp,0.18135892,0.11963707,0.32768717,0.23793964,0.254523045,0.178788355,0.150497995,0.282813405,24835.45986,Xere,10764.14981,390.5022574,16087.30626,41807.14242
68,SC5Fd,CT8,CT8-S,SC5,SC5,Fd,7,5.41,87.59,NA,0.95668,0.0119,0.94478,clearing,240,60,0,20,20,0.75,19,24.2628994,-21.1527996,CLp,0.21632357,0.12383803,0.35062176,0.25008392,0.283472665,0.186960975,0.1700808,0.30035284,19355.36262,Xere,5554.168508,4552.813982,21589.9215,37018.02486
69,SC5Rd,CT8,CT8-S,SC5,SC5,Rd,NA,NA,NA,NA,0.60767,0.00145,0.60622,clearing,240,60,0,20,20,1.35,24.8,24.2628994,-21.1527996,CLp,0.21632357,0.12383803,0.35062176,0.25008392,0.283472665,0.186960975,0.1700808,0.30035284,19355.36262,Xere,5554.168508,4552.813982,21589.9215,37018.02486
70,SC6Fd,CT8,CT8-S,SC6,SC6,Fd,8.36,4.76,86.88,1.586300336,1.00597,0.05963,0.94634,trail,15,90,0,5,5,1.05,17.66666667,24.2938004,-21.1238995,CLp,0.21632357,0.12383803,0.35062176,0.25008392,0.283472665,0.186960975,0.1700808,0.30035284,14837.0282,Xere,2851.876507,2350.948634,26078.55264,33094.96613
71,SC6Rd,CT8,CT8-S,SC6,SC6,Rd,NA,NA,NA,1.670748439,0.58311,0.00007,0.58304,trail,15,90,0,5,5,0.75,15.7,24.2938004,-21.1238995,CLp,0.21632357,0.12383803,0.35062176,0.25008392,0.283472665,0.186960975,0.1700808,0.30035284,14837.0282,Xere,2851.876507,2350.948634,26078.55264,33094.96613
72,SC7Fd,CT8,CT8-S,SC7,SC7,Fd,8,10.66,81.34,1.351330851,2.41654,1.36799,1.04855,trail,12,0,0,65,35,1.525,32.56666667,24.3192997,-21.0877991,CLh,0.17777447,0.10217103,0.27729237,0.22933,0.22753342,0.165750515,0.13997275,0.253311185,10077.41525,Xere,5863.312982,5113.983858,28663.48988,28649.87598
73,SC7Rd,CT8,CT8-S,SC7,SC7,Rd,NA,NA,NA,NA,2.38068,1.33989,1.04079,trail,12,0,0,65,35,1.85,35.9,24.3192997,-21.0877991,CLh,0.17777447,0.10217103,0.27729237,0.22933,0.22753342,0.165750515,0.13997275,0.253311185,10077.41525,Xere,5863.312982,5113.983858,28663.48988,28649.87598
74,SC8Fd,CT8,CT8-S,SC8,SC8,Fd,6.16,10.28,83.56,1.519859572,2.63252,1.94645,0.68607,trail,12,0,10,20,70,1.475,25.1,24.3560009,-21.0510006,LPe,0.15794182,0.11131555,0.18661857,0.18398836,0.172280195,0.147651955,0.134628685,0.185303465,4494.81921,Rakops,5087.980145,2755.087597,24194.56456,24183.44525
75,SC8Rd,CT8,CT8-S,SC8,SC8,Rd,4.83,13.58,81.59,1.408122595,3.18551,2.37228,0.81323,trail,12,0,10,20,70,2.2,23.3,24.3560009,-21.0510006,LPe,0.15794182,0.11131555,0.18661857,0.18398836,0.172280195,0.147651955,0.134628685,0.185303465,4494.81921,Rakops,5087.980145,2755.087597,24194.56456,24183.44525
76,SD1Fd,CT8,CT8-S,SD1,SD1,Fd,6.33,4.45,89.22,NA,0.57359,0.00038,0.57321,road ,60,80,10,0,10,0.9,24.36666667,24.1473999,-21.2985001,ARh,0.16125704,0.1164275,0.33367693,0.24422587,0.247466985,0.180326685,0.13884227,0.2889514,39440.74987,Xere,24663.63133,3692.770743,2331.092107,56346.42623
77,SD1Rd,CT8,CT8-S,SD1,SD1,Rd,NA,NA,NA,NA,0.51776,0.00003,0.51773,road ,60,80,10,0,10,0.45,31.3,24.1473999,-21.2985001,ARh,0.16125704,0.1164275,0.33367693,0.24422587,0.247466985,0.180326685,0.13884227,0.2889514,39440.74987,Xere,24663.63133,3692.770743,2331.092107,56346.42623
78,SD2Fd,CT8,CT8-S,SD2,SD2,Fd,12.99,10,77.01,NA,0.43568,0.00043,0.43525,road,75,0,20,50,30,0.4,26.8,24.1868,-21.2709007,CLp,0.2355885,0.12984055,0.31644332,0.27646956,0.27601591,0.203155055,0.182714525,0.29645644,34519.84315,Xere,19624.7043,1625.12921,7438.834694,51960.66026
79,SD2Rd,CT8,CT8-S,SD2,SD2,Rd,4.35,3.63,92.01,NA,0.48462,0.00017,0.48445,road,75,0,20,50,30,0.15,19.75,24.1868,-21.2709007,CLp,0.2355885,0.12984055,0.31644332,0.27646956,0.27601591,0.203155055,0.182714525,0.29645644,34519.84315,Xere,19624.7043,1625.12921,7438.834694,51960.66026
80,SD2-2Fd,CT8,CT8-S,SD2,SD2,Fd,6,4.36,89.64,NA,0.43933,0.00016,0.43917,road,75,0,20,50,30,0.525,25.66666667,24.1868,-21.2709007,CLp,0.2355885,0.12984055,0.31644332,0.27646956,0.27601591,0.203155055,0.182714525,0.29645644,34519.84315,Xere,19624.7043,1625.12921,7438.834694,51960.66026
81,SD3Fd,CT8,CT8-S,SD3,SD3,Fd,7.64,4.51,87.85,NA,0.57203,0,0.57203,clearing,250,25,5,70,0,0.575,17.45,24.2131004,-21.2383003,LPe,0.18675007,0.11051034,0.4469531,0.22560607,0.316851585,0.168058205,0.148630205,0.336279585,29991.77867,Xere,15123.93921,3285.699268,11785.49451,47628.39287
82,SD4Fd,CT8,CT8-S,SD4,SD4,Fd,NA,NA,NA,NA,0.54545,0.00027,0.54518,trail,15,0,70,10,20,0.975,14,24.2467003,-21.2049007,CLp,0.18675007,0.11051034,0.4469531,0.22560607,0.316851585,0.168058205,0.148630205,0.336279585,24948.87675,Xere,10038.40401,3481.915716,16794.18941,43026.62124
83,SD4Rd,CT8,CT8-S,SD4,SD4,Rd,NA,NA,NA,NA,0.40706,0.00032,0.40674,trail,15,0,70,10,20,0.6,12.65,24.2467003,-21.2049007,CLp,0.18675007,0.11051034,0.4469531,0.22560607,0.316851585,0.168058205,0.148630205,0.336279585,24948.87675,Xere,10038.40401,3481.915716,16794.18941,43026.62124
84,SD5Fd,CT8,CT8-S,SD5,SD5,Fd,6.88,6.36,86.76,1.575941552,0.92527,0.00013,0.92514,road ,72,40,0,30,30,0.625,24.25,24.2919006,-21.1812992,CLp,0.21881713,0.10729188,0.477986,0.22283344,0.348401565,0.16506266,0.163054505,0.35040972,20206.43605,Xere,5098.523193,2739.960072,22122.78678,39348.9071
85,SD5Rd,CT8,CT8-S,SD5,SD5,Rd,NA,NA,NA,1.73364486,0.38996,0,0.38996,road ,72,40,0,30,30,1.4,24.2,24.2919006,-21.1812992,CLp,0.21881713,0.10729188,0.477986,0.22283344,0.348401565,0.16506266,0.163054505,0.35040972,20206.43605,Xere,5098.523193,2739.960072,22122.78678,39348.9071
86,SD6Fd,CT8,CT8-S,SD6,SD6,Fd,6.88,6.69,86.43,1.56113145,0.81117,0.00334,0.80783,trail,18,0,0,50,50,0.85,32.8,24.3267002,-21.1471996,CLh,0.17527848,0.10787083,0.31058234,0.21271472,0.24293041,0.160292775,0.141574655,0.26164853,15149.17842,Xere,1446.165714,2004.858492,27279.05216,35051.00826
87,SD6Rd,CT8,CT8-S,SD6,SD6,Rd,NA,NA,NA,1.57757132,0.63995,0.0038,0.63615,trail,18,0,0,50,50,0.525,33.85,24.3267002,-21.1471996,CLh,0.17527848,0.10787083,0.31058234,0.21271472,0.24293041,0.160292775,0.141574655,0.26164853,15149.17842,Xere,1446.165714,2004.858492,27279.05216,35051.00826
88,SD7Fd,CT8,CT8-S,SD7,SD7,Fd,5.88,7.02,87.1,1.677419355,1.85715,0.98748,0.86967,check,NA,0,5,10,85,1.2,27.9,24.3602009,-21.1217003,CLh,0.16933696,0.09801053,0.22824433,0.22463824,0.198790645,0.161324385,0.133673745,0.226441285,10735.23553,Xere,5167.856524,2624.46483,31758.72255,31994.51545
89,SD8Fd,CT8,CT8-S,SD8,SD8,Fd,26.85,14.62,58.53,1.080886924,1.41012,0.10193,1.30819,clearing,500,0,0,70,30,7.05,15.6,24.3929996,-21.0849991,CLp,0.12566811,0.08716701,0.11045219,0.11115852,0.11806015,0.099162765,0.10641756,0.110805355,5924.226666,Rakops,6130.475717,2819.629319,27926.05513,27916.25296
90,SE1Fd,CT8,CT8-S,SE1,SE1,Fd,4,2.36,93.64,1.618680113,0.3301,0,0.3301,road,60,85,0,0,15,0.275,28.16666667,24.1863003,-21.3339005,ARh,0.18135759,0.13712302,0.36205968,0.28365183,0.271708635,0.210387425,0.159240305,0.322855755,39865.19174,Xere,25232.81281,3154.660263,3232.32704,58541.30978
91,SE1Rd,CT8,CT8-S,SE1,SE1,Rd,4,1.05,94.95,1.757426082,0.2785,0.00017,0.27833,road,60,85,0,0,15,0.15,26.85,24.1863003,-21.3339005,ARh,0.18135759,0.13712302,0.36205968,0.28365183,0.271708635,0.210387425,0.159240305,0.322855755,39865.19174,Xere,25232.81281,3154.660263,3232.32704,58541.30978
92,SE2Fd,CT8,CT8-S,SE2,SE2,Fd,NA,NA,NA,1.735610894,0.28129,0.00011,0.28118,check,NA,0,50,10,40,0,25.86666667,24.2122002,-21.3104992,ARh,0.18970029,0.15070535,0.37133625,0.28365943,0.28051827,0.21718239,0.17020282,0.32749784,36135.73637,Xere,21629.57275,2540.583609,6937.134322,55254.48304
93,SE3Fd,CT8,CT8-S,SE3,SE3,Fd,4.88,3.36,91.76,NA,0.28707,0,0.28707,trail,35,0,30,15,55,0.1,27.175,24.2604008,-21.2789001,ARh,0.19310752,0.13129689,0.40377438,0.24885637,0.29844095,0.19007663,0.162202205,0.326315375,30196.41969,Xere,16331.28576,4358.593747,13041.94072,50598.38409
94,SE3Rd,CT8,CT8-S,SE3,SE3,Rd,NA,NA,NA,NA,0.37577,0,0.37577,trail,35,0,30,15,55,0,30.55,24.2604008,-21.2789001,ARh,0.19310752,0.13129689,0.40377438,0.24885637,0.29844095,0.19007663,0.162202205,0.326315375,30196.41969,Xere,16331.28576,4358.593747,13041.94072,50598.38409
95,SE4Fd,CT8,CT8-S,SE4,SE4,Fd,NA,NA,NA,1.617273787,0.43138,0,0.43138,road ,72,0,25,10,65,0.4,27.7,24.2835007,-21.2395,CLp,0.21792477,0.14370453,0.47041488,0.25715345,0.344169825,0.20042899,0.18081465,0.363784165,25334.37019,Xere,11430.53364,5640.748727,17573.36594,45840.64129
96,SE4Rd,CT8,CT8-S,SE4,SE4,Rd,NA,NA,NA,1.648787732,0.43299,0,0.43299,road ,72,0,25,10,65,1.1,27.75,24.2835007,-21.2395,CLp,0.21792477,0.14370453,0.47041488,0.25715345,0.344169825,0.20042899,0.18081465,0.363784165,25334.37019,Xere,11430.53364,5640.748727,17573.36594,45840.64129
97,SE5Fd,CT8,CT8-S,SE5,SE5,Fd,4.17,1.89,93.95,NA,0.43779,0,0.43779,road ,72,30,0,60,10,0,20.325,24.3276005,-21.2171001,ARh,0.23272695,0.12868445,0.3804767,0.25592965,0.306601825,0.19230705,0.1807057,0.318203175,20475.96379,Xere,8584.016512,3820.004556,22729.02943,42738.1852
98,SE5Rd,CT8,CT8-S,SE5,SE5,Rd,NA,NA,NA,NA,0.29237,0,0.29237,road ,72,30,0,60,10,0,23.55,24.3276005,-21.2171001,ARh,0.23272695,0.12868445,0.3804767,0.25592965,0.306601825,0.19230705,0.1807057,0.318203175,20475.96379,Xere,8584.016512,3820.004556,22729.02943,42738.1852
99,SE6Fd,CT8,CT8-S,SE6,SE6,Fd,7.64,5.5,86.86,1.533902389,1.01064,0.00939,1.00125,road ,48,0,95,0,5,0.425,18.125,24.3563004,-21.1844997,CLh,0.20355496,0.10396495,0.26281482,0.19924845,0.23318489,0.1516067,0.153759955,0.231031635,15793.17311,Xere,6508.714801,2665.370318,27278.04986,38954.96884
100,SE6Rd,CT8,CT8-S,SE6,SE6,Rd,NA,NA,NA,1.751937984,0.61218,0.0387,0.57348,road ,48,0,95,0,5,1.55,16.65,24.3563004,-21.1844997,CLh,0.20355496,0.10396495,0.26281482,0.19924845,0.23318489,0.1516067,0.153759955,0.231031635,15793.17311,Xere,6508.714801,2665.370318,27278.04986,38954.96884
101,SE7Fd,CT8,CT8-S,SE7,SE7,Fd,8,6.66,85.34,1.67262232,0.60121,0.00014,0.60107,trail,12,0,5,60,35,0.15,25.45,24.3920002,-21.1485996,LPe,0.15701838,0.09216919,0.26708293,0.16123335,0.212050655,0.12670127,0.124593785,0.21415814,10376.60313,Xere,8080.620873,2425.009391,32629.0349,34958.29603
102,SE7Rd,CT8,CT8-S,SE7,SE7,Rd,NA,NA,NA,1.606239692,1.28468,0.58081,0.70387,trail,12,0,5,60,35,0,21.25,24.3920002,-21.1485996,LPe,0.15701838,0.09216919,0.26708293,0.16123335,0.212050655,0.12670127,0.124593785,0.21415814,10376.60313,Xere,8080.620873,2425.009391,32629.0349,34958.29603
103,SE8Fd,CT8,CT8-S,SE8,SE8,Fd,8.99,4.75,86.25,1.484667627,0.64302,0.01625,0.62677,trail,29,0,40,30,30,0.525,21,24.4232998,-21.1179008,SNh,0.15701838,0.09216919,0.26708293,0.16123335,0.212050655,0.12670127,0.124593785,0.21415814,5735.551442,Rakops,10046.64185,401.7546678,31557.70865,31549.60406
104,SE8Rd,CT8,CT8-S,SE8,SE8,Rd,11.16,5.28,83.56,1.433331039,0.75894,0.00292,0.75602,trail,29,0,40,30,30,0.9,19.6,24.4232998,-21.1179008,SNh,0.15701838,0.09216919,0.26708293,0.16123335,0.212050655,0.12670127,0.124593785,0.21415814,5735.551442,Rakops,10046.64185,401.7546678,31557.70865,31549.60406
118,BCTP2Rd,MNP,Boteti,R413,BCTP2,Rd,NA,NA,NA,1.799476836,0.88118,0,0.88118,road ,105,30,0,20,50,NA,29.7,24.41053,-20.64851,CLp,0.20794702,0.13220339,0.29913783,0.23355672,0.253542425,0.182880055,0.170075205,0.266347275,1016.404322,Khumaga,22246.93011,1853.752275,0,0
119,BCTP3Fd,MNP,Boteti,R311,BCTP3,Fd,NA,NA,NA,1.66687461,0.95954,0,0.95954,road ,105,80,0,20,0,0.675,25.16666667,24.43359,-20.6171,CLp,0.20794702,0.13220339,0.29913783,0.23355672,0.253542425,0.182880055,0.170075205,0.266347275,511.6375699,Khumaga,18053.07545,1159.555379,0,0
122,BCTP6Fd,MNP,Boteti,R37,BCTP6,Fd,NA,NA,NA,1.765643285,0.44921,0,0.44921,road ,105,0,10,80,10,0.5,31.1,24.47418,-20.54192,CLp,0.20832261,0.13408165,0.26350158,0.25126,0.235912095,0.192670825,0.17120213,0.25738079,255.7324473,Khumaga,8712.6653,1038.193816,0,0
124,BCTP8Fd,MNP,Boteti,R314,BCTP8,Fd,NA,NA,NA,1.765421013,0.50569,0,0.50569,road ,70,30,0,30,40,0.225,19,24.51708,-20.47978,ARh,0.19264762,0.11906331,0.26950166,0.22486196,0.23107464,0.171962635,0.155855465,0.24718181,221.0864217,Khumaga,1177.079258,1188.648313,0,0
125,BCTP9Fd,MNP,Boteti,R47,BCTP9,Fd,NA,NA,NA,1.816617333,0.36085,0,0.36085,road ,70,0,10,15,75,0.55,24.6,24.51608,-20.44361,ARh,0.19264762,0.11906331,0.26950166,0.22486196,0.23107464,0.171962635,0.155855465,0.24718181,641.0994942,Khumaga,3099.859885,1221.104322,0,0
127,BCTP11Fd,MNP,Boteti,R39,BCTP11,Fd,NA,NA,NA,1.738829127,0.60375,0,0.60375,road ,70,0,10,35,55,1.125,29.1,24.51112,-20.38924,ARh,0.14550062,0.10743187,0.2621528,0.24201292,0.20382671,0.174722395,0.126466245,0.25208286,640.1945715,Khumaga,9067.394837,4840.964493,0,0
131,BCTP15Fd,MNP,Boteti,R44,BCTP15,Fd,NA,NA,NA,1.806023841,0.49704,0,0.49704,road ,90,50,0,30,20,0.35,30.55,24.3595,-20.36913,ARh,0.13816233,0.12160634,0.28027043,0.25242195,0.20921638,0.187014145,0.129884335,0.26634619,641.267895,Moremaoto,17880.25062,814.523671,0,0
