sample,index,area,zone,site,type,clay,silt,sand,BD,TC,TIC,TOC,pH,longx,laty,soilm,tree,shrub,bare,herb,dist_river,dist_cp,dist_pa,dist_village,soiltype,ndvi_dry2021,ndvi_dry2022,ndvi_wet2021,ndvi_wet2022
NA2Fd,1,CT8,CT8N,NA2,Fd,4.03,2.77,93.2,NA,0.26628,0.0009,0.26538,7.5,23.9804993,-20.6858997,0.125,0,50,15,35,39072.14377,6385.661348,36309.04422,57021.42686,Aeronosol,0.1859803,0.11936087,0.21730714,0.2371158
NA3Fd,2,CT8,CT8N,NA3,Fd,NA,NA,NA,NA,0.26605,0,0.26605,6.79,24.0286999,-20.6902008,0.225,15,30,30,25,38443.93107,3591.229754,37562.87916,53926.50527,Aeronosol,0.16688465,0.120164186,0.31913033,0.23505484
NA4Fd,3,CT8,CT8N,NA4,Fd,NA,NA,NA,NA,0.24681,0.00561,0.2412,5.85,24.0785007,-20.6882,0.475,0,40,30,30,33538.72342,2359.590291,32996.88489,50508.66361,Aeronosol,0.19561078,0.12837896,0.37547785,0.25137585
NA5Fd,4,CT8,CT8N,NA5,Fd,4,2.39,93.61,NA,0.2676,0,0.2676,5.96,24.1313,-20.6793995,0.175,0,40,35,25,28738.35673,3467.017565,27820.6345,45800.48168,Aeronosol,0.16879024,0.122086145,0.31558165,0.25393885
NA6Fd,5,CT8,CT8N,NA6,Fd,NA,NA,NA,NA,0.74015,0.00107,0.73908,6.19,24.1763,-20.6849003,0.25,0,15,10,75,24228.92149,3520.524815,23122.70403,42150.30482,Aeronosol,0.18042226,0.13546216,0.299843,0.2504221
NA8Fd,6,CT8,CT8N,NA8,Fd,4,4.88,91.12,1.613535021,0.8149,0.0245,0.7904,7.16,24.2705002,-20.6751995,0.6,90,0,8,2,14870.55453,1223.390911,13342.57282,33736.46205,Calcisol,0.20911065,0.1345753,0.30435833,0.22026391
NA9Fd,7,CT8,CT8N,NA9,Fd,NA,NA,NA,1.658569269,0.50851,0.00998,0.49853,6.33,24.3127003,-20.6945,0.775,20,10,40,30,10342.16756,3275.391688,8915.835224,32221.09473,Aeronosol,0.17890468,0.11546004,0.31430528,0.22579001
NA10Fd,8,CT8,CT8N,NA10,Fd,3.88,5.03,91.09,1.674725427,0.50068,0.00519,0.49549,6.94,24.3708992,-20.6919003,0.45,15,15,40,30,4275.612458,2321.078772,2906.149519,28465.45948,Aeronosol,0.16197208,0.11517897,0.34617925,0.23367725
NB1Fd,9,CT8,CT8N,NB1,Fd,NA,NA,NA,NA,0.2861,0.00696,0.27914,7.19,23.9326,-20.7187996,0.5,0,30,30,40,42682.91626,1228.676499,31657.56484,59601.64381,Aeronosol,0.18822768,0.106141664,0.27941215,0.24010947
NB2Fd,10,CT8,CT8N,NB2,Fd,4,2.03,93.97,NA,0.3804,0,0.3804,,23.9755001,-20.7257004,0.425,0,40,30,30,42987.67048,5608.396031,31933.82589,55548.42402,Aeronosol,0.1734523,0.12218523,0.2979754,0.23556483
NB3Fd,11,CT8,CT8N,NB3,Fd,NA,NA,NA,NA,0.30348,0,0.30348,7.15,24.0284996,-20.7175999,0.3,15,50,20,15,37762.10746,3816.32827,34792.13766,51866.11876,Aeronosol,0.18061587,0.11914928,0.30867374,0.22498554
NB4Fd,12,CT8,CT8N,NB4,Fd,NA,NA,NA,NA,0.33316,0,0.33316,6.94,24.0697002,-20.7241001,0.575,0,20,30,50,33410.61091,2652.144609,32682.69383,48245.19461,Aeronosol,0.20544688,0.12743725,0.3020811,0.24371585
NB5Fd,13,CT8,CT8N,NB5,Fd,NA,NA,NA,NA,0.32506,0.00033,0.32473,6.78,24.1303997,-20.7248001,0.375,0,50,30,20,27216.17871,2936.583221,26560.18852,43910.66268,Aeronosol,0.18212983,0.11241103,0.24093996,0.20186368
NB6Fd,14,CT8,CT8N,NB6,Fd,NA,NA,NA,NA,0.25561,0.00057,0.25504,6.97,24.1809998,-20.7273006,0.225,25,15,40,20,22048.10216,3006.332913,21470.73318,40521.00435,Aeronosol,0.17960164,0.13199253,0.2806298,0.20738824
NB7Fd,15,CT8,CT8N,NB7,Fd,NA,NA,NA,NA,0.60294,0,0.60294,7.46,24.2198009,-20.7227001,0.525,50,5,15,30,18378.6533,2148.145583,17949.26981,38844.1692,Aeronosol,0.18953292,0.13543242,0.35099477,0.237128
NB8Fd,16,CT8,CT8N,NB8,Fd,NA,NA,NA,NA,0.70012,0.00709,0.69303,,24.2614994,-20.7250996,0.675,40,10,20,30,14293.73049,2230.253256,13862.20703,36704.09197,Calcisol,0.18253021,0.11985658,0.2995025,0.19167465
NB9Fd,17,CT8,CT8N,NB9,Fd,NA,NA,NA,NA,0.40138,0,0.40138,,24.3080006,-20.7296009,0.425,0,25,35,40,9887.300151,4623.946245,8991.901896,34612.54944,Aeronosol,0.18668577,0.11856333,0.2650282,0.23774408
NB9Rd,18,CT8,CT8N,NB9,Rd,NA,NA,NA,NA,0.28213,0.00275,0.27938,7.05,24.3080006,-20.7296009,0.8,0,0,100,0,9887.300151,4623.946245,8991.901896,34612.54944,Aeronosol,0.18668577,0.11856333,0.2650282,0.23774408
NB10Fd,19,CT8,CT8N,NB10,Fd,4.16,2.64,93.2,1.717117618,0.45569,0.00822,0.44747,7.27,24.3593998,-20.7315006,0.5,15,5,50,30,5110.192534,3108.92716,3659.931154,32869.36215,Aeronosol,0.17794454,0.1158094,0.25464025,0.20227133
NC1Fd,20,CT8,CT8N,NC1,Fd,6,0,94,NA,0.3366,0.00304,0.33356,7.48,23.9379997,-20.7656002,0.525,0,20,40,40,46005.30779,1388.090287,26661.69341,56272.82431,Aeronosol,0.15340626,0.11327633,0.33213353,0.2361175
NC1Rd,21,CT8,CT8N,NC1,Rd,NA,NA,NA,NA,0.37693,0,0.37693,7.51,23.9379997,-20.7656002,0.2,0,0,100,0,46005.30779,1388.090287,26661.69341,56272.82431,Aeronosol,0.15340626,0.11327633,0.33213353,0.2361175
NC2Fd,22,CT8,CT8N,NC2,Fd,3.33,2.79,93.88,NA,0.25399,0,0.25399,7.59,23.9748001,-20.7717991,0.725,0,60,25,15,42111.74229,2398.270383,27072.91929,52661.30605,Aeronosol,0.17240994,0.11188453,0.26105726,0.1991424
NC3Fd,23,CT8,CT8N,NC3,Fd,3,2.55,94.45,NA,0.23494,0.00076,0.23418,,24.0314007,-20.7782001,0.3,0,0,50,50,36172.12169,4607.800574,29036.21272,47398.61746,Aeronosol,0.1945782,0.11616857,0.3223572,0.24177842
NC4Fd,24,CT8,CT8N,NC4,Fd,NA,NA,NA,NA,0.22029,0.001,0.21929,7.39,24.0706005,-20.7723007,0.425,0,30,40,30,32242.4957,691.0015969,31328.30104,44580.22893,Aeronosol,0.1945782,0.11616857,0.3223572,0.24177842
NC4Rd,25,CT8,CT8N,NC4,Rd,NA,NA,NA,NA,0.17971,0,0.17971,7.32,24.0706005,-20.7723007,0.95,0,0,100,0,32242.4957,691.0015969,31328.30104,44580.22893,Aeronosol,0.1945782,0.11616857,0.3223572,0.24177842
NC5Fd,26,CT8,CT8N,NC5,Fd,3,1.75,95.25,NA,0.35077,0,0.35077,7.53,24.1194,-20.7735996,0.45,20,25,25,30,27223.15568,3288.376229,26292.65255,40706.84199,Aeronosol,0.19270386,0.10933488,0.33347297,0.24131653
NC6Fd,27,CT8,CT8N,NC6,Fd,NA,NA,NA,NA,0.36459,0,0.36459,7.78,24.1716995,-20.7796001,0.625,0,20,5,75,21752.35812,2665.828615,20815.44664,36493.57195,Aeronosol,0.18533084,0.122712314,0.36359426,0.22024003
NC7Fd,28,CT8,CT8N,NC7,Fd,3,2.31,94.69,1.720176224,0.33658,0,0.33658,7.77,24.2145996,-20.7693005,0.6,0,15,25,60,17607.01252,2002.112976,16774.98866,34706.02071,Aeronosol,0.19347988,0.1359025,0.36437175,0.21808684
NC8Fd,29,CT8,CT8N,NC8,Fd,NA,NA,NA,1.468087311,1.12642,0.26778,0.85864,7.26,24.2598,-20.7773991,1,80,5,12,3,12813.42336,1825.86284,12023.79113,31534.89494,Calcisol,0.18131478,0.122098655,0.23412561,0.21670507
NC9Fd,30,CT8,CT8N,NC9,Fd,4.67,3.91,91.43,NA,0.44268,0.00839,0.43429,7.52,24.3057995,-20.7780991,1.025,0,50,25,25,8104.467907,2422.552623,7363.086374,29559.17678,Aeronosol,0.18903974,0.14577502,0.28577384,0.23535466
NC10Fd,31,CT8,CT8N,NC10,Fd,2.36,3.64,94,1.749358841,0.37398956,0.00011,0.33805,5.91,24.368,-20.7800999,0.425,20,30,50,0,1713.321873,1191.35284,1521.084499,27874.74863,Aeronosol,0.1889472,0.105785556,0.27822205,0.20309551
ND1Fd,32,CT8,CT8N,ND1,Fd,4,2.39,93.61,NA,0.31043,0.00056,0.30987,,23.9253006,-20.8223,0.525,0,10,50,40,46805.34776,2149.963192,20241.00671,53715.81468,Aeronosol,0.16692185,0.13139232,0.3615289,0.27839786
ND4Fd,33,CT8,CT8N,ND4,Fd,NA,NA,NA,NA,0.30794,0.00055,0.30739,6.26,24.0667,-20.8187008,0.75,0,40,35,25,32141.8464,4059.631643,27707.5161,41808.2727,Aeronosol,0.1856933,0.11158391,0.28595528,0.2282783
ND5Fd,34,CT8,CT8N,ND5,Fd,3,2,95,NA,0.29426,0,0.29426,6.31,24.1305008,-20.8178005,0.525,30,30,20,20,25499.44111,1586.380432,24583.59506,36558.97792,Aeronosol,0.19209969,0.12585166,0.34834662,0.24872303
ND6Fd,35,CT8,CT8N,ND6,Fd,NA,NA,NA,NA,0.73066,0.00401,0.72665,,24.1636009,-20.8197994,0.575,0,10,10,80,22047.25205,618.9354209,21128.57853,33839.32463,Aeronosol,0.19209969,0.12585166,0.34834662,0.24872303
ND7Fd,36,CT8,CT8N,ND7,Fd,NA,NA,NA,NA,0.29939,0,0.29939,6.59,24.2199001,-20.8274002,0.525,50,0,35,15,16183.56698,496.9580849,15226.84764,29208.1715,Aeronosol,0.21052553,0.15638718,0.37305754,0.22894001
ND8Fd,37,CT8,CT8N,ND8,Fd,5,6.81,88.19,NA,1.65086,0.76349,0.88737,6.89,24.2677994,-20.8125992,1.275,50,15,10,25,11257.4005,4582.539675,10400.77645,27710.34503,Calcisol,0.17029664,0.12085251,0.4155813,0.23082177
ND8Rd,38,CT8,CT8N,ND8,Rd,NA,NA,NA,NA,1.27146,1.09217,0.17929,7.66,24.2677994,-20.8125992,2.2,0,0,100,0,11257.4005,4582.539675,10400.77645,27710.34503,Calcisol,0.17029664,0.12085251,0.4155813,0.23082177
ND9Fd,39,CT8,CT8N,ND9,Fd,7.21,5.03,87.76,1.721653381,0.50405,0.14318,0.36087,7.59,24.3174992,-20.8201008,0.95,5,30,30,35,6026.519931,3664.093405,5221.729071,24767.71343,Calcisol,0.1662525,0.12582076,0.38926476,0.23204485
ND10Fd,40,CT8,CT8N,ND10,Fd,4.99,5.47,89.53,1.300845351,1.84263,0.00407,1.83856,5.94,24.3673992,-20.8223991,3.1,0,0,0,100,828.8969933,1143.810767,157.0719781,23237.1302,Calcisol,0.22415262,0.14244306,0.4350825,0.25003096
ND10Rd,41,CT8,CT8N,ND10,Rd,6.67,4.01,89.32,1.739863702,0.28363,0.00938,0.27425,7.1,24.3673992,-20.8223991,0.35,0,0,100,0,828.8969933,1143.810767,157.0719781,23237.1302,Calcisol,0.22415262,0.14244306,0.4350825,0.25003096
SA1Fd,42,CT8,CT8S,SA1,Fd,10.97,7.69,81.34,1.507447249,1.44986,0.92115,0.52871,8.04,24.0468998,-21.2068005,1.625,0,25,15,60,40716.84401,3907.393504,12.32355468,28783.08658,Calcisol,0.1770509,0.09896113,0.2917065,0.26945502
SA2Fd,43,CT8,CT8S,SA2,Fd,NA,NA,NA,NA,0.57688,0.00102,0.57586,7.82,24.0835991,-21.1702003,0.75,25,20,15,40,35410.11744,1022.23913,5492.024818,24244.01559,Leptosol,0.17003904,0.09722939,0.27347994,0.22040376
SA3Fd,44,CT8,CT8S,SA3,Fd,8.28,8.05,83.67,NA,0.6044,0.00376,0.60064,7.6,24.1236,-21.1492004,1.1,20,30,45,5,30647.08359,3983.731339,10216.75528,19887.42309,Calcisol,0.14433391,0.09743122,0.2803536,0.2402441
SA4Fd,45,CT8,CT8S,SA4,Fd,NA,NA,NA,NA,0.49839,0.00012,0.49827,8.01,24.1515007,-21.1046009,1.325,0,0,95,5,25856.70281,758.0140288,15492.80036,17428.15862,Calcisol,0.1864656,0.11371118,0.23794651,0.22593501
SA4Rd,46,CT8,CT8S,SA4,Rd,NA,NA,NA,NA,0.48134,0,0.48134,7.72,24.1515007,-21.1046009,1.05,0,0,100,0,25856.70281,758.0140288,15492.80036,17428.15862,Calcisol,0.1864656,0.11371118,0.23794651,0.22593501
SA5Fd,47,CT8,CT8S,SA5,Fd,8.33,4.84,86.83,NA,1.01651,0.03699,0.97952,7.75,24.1924,-21.0741997,1.275,10,0,60,30,20668.58225,3562.668434,20915.23723,14688.42834,Calcisol,0.16427018,0.09214355,0.22222222,0.22413063
SA6Fd,48,CT8,CT8S,SA6,Fd,9.27,6.72,84.01,NA,0.80728,0.00379,0.80349,7.77,24.2283001,-21.0478992,1.325,0,40,15,45,16251.78773,5066.395364,25649.89161,13641.75132,Calcisol,0.18099399,0.09819836,0.3252845,0.21049984
SA6Rd,49,CT8,CT8S,SA6,Rd,9.89,6.68,83.43,NA,0.84854,0,0.84854,,24.2283001,-21.0478992,0.95,0,0,100,0,16251.78773,5066.395364,25649.89161,13641.75132,Calcisol,0.18099399,0.09819836,0.3252845,0.21049984
SA7Fd,50,CT8,CT8S,SA7,Fd,4.63,5.02,90.35,1.596578784,0.45013,0.00125,0.44888,7.87,24.2607002,-21.0170002,0.325,95,0,3,2,12352.66416,1014.8862,23164.44948,14509.05006,Calcisol,0.17583291,0.10194625,0.2559568,0.2229203
SA7Rd,51,CT8,CT8S,SA7,Rd,4.59,4.04,91.37,NA,0.32076,0,0.32076,7.94,24.2607002,-21.0170002,0.5,0,0,100,0,12352.66416,1014.8862,23164.44948,14509.05006,Calcisol,0.17583291,0.10194625,0.2559568,0.2229203
SA8Fd,52,CT8,CT8S,SA8,Fd,7.03,8.75,84.23,1.506689199,1.56452,1.04536,0.51916,7.84,24.2964001,-20.9789009,1.525,0,25,45,30,8226.314499,3283.697616,17734.34176,12127.16237,Calcisol,0.17583291,0.10194625,0.2559568,0.2229203
SB1Fd,53,CT8,CT8S,SB1,Fd,6.88,3.25,89.87,1.607614074,0.43646,0,0.43646,6.34,24.0769005,-21.2423992,0.55,0,5,50,45,40332.65006,5494.535571,161.13257,27164.97721,Calcisol,0.16048205,0.100149475,0.35171768,0.24144621
SB2Fd,54,CT8,CT8S,SB2,Fd,NA,NA,NA,1.527474789,0.93592,0.00472,0.9312,,24.1135998,-21.2124996,0.675,55,10,30,5,35292.51586,2640.246191,5197.489272,22367.69783,Calcisol,0.16048205,0.100149475,0.35171768,0.24144621
SB3Fd,55,CT8,CT8S,SB3,Fd,6.33,5,88.67,NA,0.24858,0,0.24858,6.53,24.1492004,-21.1688995,0.425,70,10,20,0,29475.66043,2959.426025,11049.36872,17486.51785,Calcisol,0.17726587,0.11331416,0.2465135,0.21697204
SB4Fd,56,CT8,CT8S,SB4,Fd,NA,NA,NA,1.352987583,1.05738,0.00036,1.05702,6.79,24.1830997,-21.1380005,1,50,0,25,25,24658.27147,2324.85334,15919.69016,13683.36845,Calcisol,0.17301214,0.1132538,0.30185091,0.22456415
SB5Fd,57,CT8,CT8S,SB5,Fd,8.38,9.66,81.97,1.415089762,1.09584,0.00093,1.09491,6.77,24.2220993,-21.1212997,1.225,40,5,30,25,20246.04786,4970.805208,20276.12729,9860.857852,Calcisol,0.19248214,0.11776304,0.34697753,0.24753933
SB6Fd,58,CT8,CT8S,SB6,Fd,6,7.15,86.85,NA,0.75481,0.00494,0.74987,7.46,24.2577991,-21.0820007,0.45,20,15,30,35,14833.77819,5396.235653,25853.59463,8780.364946,Calcisol,0.20077299,0.10589546,0.3601781,0.20741726
SB6Rd,59,CT8,CT8S,SB6,Rd,NA,NA,NA,NA,0.53253,0.00055,0.53198,6.71,24.2577991,-21.0820007,0.8,0,0,100,0,14833.77819,5396.235653,25853.59463,8780.364946,Calcisol,0.20077299,0.10589546,0.3601781,0.20741726
SB7Fd,60,CT8,CT8S,SB7,Fd,6,4.33,89.67,1.254243462,1.96484,0.89903,1.06581,7.41,24.2903004,-21.0482998,2.6,0,15,65,20,10133.80756,1781.803791,25141.20181,10530.88323,Calcisol,0.18942519,0.12545376,0.33523893,0.20582905
SB7Rd,61,CT8,CT8S,SB7,Rd,NA,NA,NA,NA,2.4772,1.51925,0.95795,7.56,24.2903004,-21.0482998,0.15,0,0,100,0,10133.80756,1781.803791,25141.20181,10530.88323,Calcisol,0.18942519,0.12545376,0.33523893,0.20582905
SC1Fd,62,CT8,CT8S,SC1,Fd,NA,NA,NA,NA,0.52289,0.00276,0.52013,7.24,24.1114006,-21.2756004,0.325,90,0,5,5,40054.92051,4515.649568,841.6660811,25885.28199,Calcisol,0.18257622,0.10979929,0.31534955,0.25554118
SC1Rd,63,CT8,CT8S,SC1,Rd,NA,NA,NA,NA,0.23925,0.00299,0.23626,7.35,24.1114006,-21.2756004,0.65,0,0,100,0,40054.92051,4515.649568,841.6660811,25885.28199,Calcisol,0.18257622,0.10979929,0.31534955,0.25554118
SC2Fd,64,CT8,CT8S,SC2,Fd,NA,NA,NA,1.401601185,1.79106,0.00216,1.7889,7.48,24.1511002,-21.2329998,3.05,90,0,0,10,33805.84879,1701.541558,6966.400269,19847.70693,Leptosol,0.18573354,0.08745861,0.3211218,0.23316772
SC3Fd,65,CT8,CT8S,SC3,Fd,8,10.33,81.67,NA,1.40366,0.01528,1.38838,,24.1853008,-21.2042999,1.65,0,0,5,95,29042.07722,2480.967355,11715.24986,15190.0744,Leptosol,0.17506109,0.10586249,0.23275691,0.2549507
SC4Fd,66,CT8,CT8S,SC4,Fd,NA,NA,NA,1.234388399,2.5449,1.3566,1.1883,7.64,24.2229996,-21.1856995,2.625,70,5,20,5,24836.13549,390.4954998,16087.45493,10764.10508,Calcisol,0.18135892,0.11963707,0.32768717,0.23793964
SC5Fd,67,CT8,CT8S,SC5,Fd,7,5.41,87.59,NA,0.95668,0.0119,0.94478,7.54,24.2628994,-21.1527996,0.75,60,0,20,20,19355.94589,4552.715996,21590.12163,5554.062595,Calcisol,0.21632357,0.12383803,0.35062176,0.25008392
SC5Rd,68,CT8,CT8S,SC5,Rd,NA,NA,NA,NA,0.60767,0.00145,0.60622,6.64,24.2628994,-21.1527996,1.35,0,0,100,0,19355.94589,4552.715996,21590.12163,5554.062595,Calcisol,0.21632357,0.12383803,0.35062176,0.25008392
SC6Fd,69,CT8,CT8S,SC6,Fd,8.36,4.76,86.88,1.586300336,1.00597,0.05963,0.94634,7.58,24.2938004,-21.1238995,1.05,90,0,5,5,14837.50774,2350.938169,26078.79514,2851.920039,Calcisol,0.21632357,0.12383803,0.35062176,0.25008392
SC6Rd,70,CT8,CT8S,SC6,Rd,NA,NA,NA,1.670748439,0.58311,0.00007,0.58304,7.64,24.2938004,-21.1238995,0.75,0,0,100,0,14837.50774,2350.938169,26078.79514,2851.920039,Calcisol,0.21632357,0.12383803,0.35062176,0.25008392
SC7Fd,71,CT8,CT8S,SC7,Fd,8,10.66,81.34,1.351330851,2.41654,1.36799,1.04855,7.67,24.3192997,-21.0877991,1.525,0,0,65,35,10077.69407,5114.340806,28665.45282,5863.725294,Calcisol,0.17777447,0.10217103,0.27729237,0.22933
SC7Rd,72,CT8,CT8S,SC7,Rd,NA,NA,NA,NA,2.38068,1.33989,1.04079,7.68,24.3192997,-21.0877991,1.85,0,0,100,0,10077.69407,5114.340806,28665.45282,5863.725294,Calcisol,0.17777447,0.10217103,0.27729237,0.22933
SC8Fd,73,CT8,CT8S,SC8,Fd,6.16,10.28,83.56,1.519859572,2.63252,1.94645,0.68607,7.47,24.3560009,-21.0510006,1.475,0,10,20,70,4494.951266,2755.226952,24196.28482,5087.956432,Leptosol,0.15794182,0.11131555,0.18661857,0.18398836
SC8Rd,74,CT8,CT8S,SC8,Rd,4.83,13.58,81.59,1.408122595,3.18551,2.37228,0.81323,7.71,24.3560009,-21.0510006,2.2,0,0,100,0,4494.951266,2755.226952,24196.28482,5087.956432,Leptosol,0.15794182,0.11131555,0.18661857,0.18398836
SD1Fd,75,CT8,CT8S,SD1,Fd,6.33,4.45,89.22,NA,0.57359,0.00038,0.57321,7.68,24.1473999,-21.2985001,0.9,80,10,0,10,39442.07167,3692.718531,2331.11321,24664.20512,Aeronosol,0.16125704,0.1164275,0.33367693,0.24422587
SD1Rd,76,CT8,CT8S,SD1,Rd,NA,NA,NA,NA,0.51776,0.00003,0.51773,7.59,24.1473999,-21.2985001,0.45,0,0,100,0,39442.07167,3692.718531,2331.11321,24664.20512,Aeronosol,0.16125704,0.1164275,0.33367693,0.24422587
SD2Fd,77,CT8,CT8S,SD2,Fd,12.99,10,77.01,NA,0.43568,0.00043,0.43525,7.83,24.1868,-21.2709007,0.4,0,20,50,30,34521.11958,1625.240307,7438.902104,19625.23262,Calcisol,0.2355885,0.12984055,0.31644332,0.27646956
SD2Rd,78,CT8,CT8S,SD2,Rd,4.35,3.63,92.01,NA,0.48462,0.00017,0.48445,7.88,24.1868,-21.2709007,0.15,0,0,100,0,34521.11958,1625.240307,7438.902104,19625.23262,Calcisol,0.2355885,0.12984055,0.31644332,0.27646956
SD3Fd,79,CT8,CT8S,SD3,Fd,7.64,4.51,87.85,NA,0.57203,0,0.57203,7.6,24.2131004,-21.2383003,0.575,25,5,70,0,29992.89255,3285.665958,11785.60157,15124.30509,Leptosol,0.18675007,0.11051034,0.4469531,0.22560607
SD4Fd,80,CT8,CT8S,SD4,Fd,NA,NA,NA,NA,0.54545,0.00027,0.54518,7.54,24.2467003,-21.2049007,0.975,0,70,10,20,24949.85933,3481.941161,16794.3425,10038.63902,Calcisol,0.18675007,0.11051034,0.4469531,0.22560607
SD4Rd,81,CT8,CT8S,SD4,Rd,NA,NA,NA,NA,0.40706,0.00032,0.40674,7.02,24.2467003,-21.2049007,0.6,0,0,100,0,24949.85933,3481.941161,16794.3425,10038.63902,Calcisol,0.18675007,0.11051034,0.4469531,0.22560607
SD5Fd,82,CT8,CT8S,SD5,Fd,6.88,6.36,86.76,1.575941552,0.92527,0.00013,0.92514,,24.2919006,-21.1812992,0.625,40,0,30,30,20207.3563,2740.079724,22122.98902,5098.778905,Calcisol,0.21881713,0.10729188,0.477986,0.22283344
SD5Rd,83,CT8,CT8S,SD5,Rd,NA,NA,NA,1.73364486,0.38996,0,0.38996,,24.2919006,-21.1812992,1.4,0,0,100,0,20207.3563,2740.079724,22122.98902,5098.778905,Calcisol,0.21881713,0.10729188,0.477986,0.22283344
SD6Fd,84,CT8,CT8S,SD6,Fd,6.88,6.69,86.43,1.56113145,0.81117,0.00334,0.80783,,24.3267002,-21.1471996,0.85,0,0,50,50,15149.96199,2004.915754,27279.30244,1446.165691,Calcisol,0.17527848,0.10787083,0.31058234,0.21271472
SD6Rd,85,CT8,CT8S,SD6,Rd,NA,NA,NA,1.57757132,0.63995,0.0038,0.63615,,24.3267002,-21.1471996,0.525,0,0,100,0,15149.96199,2004.915754,27279.30244,1446.165691,Calcisol,0.17527848,0.10787083,0.31058234,0.21271472
SD7Fd,86,CT8,CT8S,SD7,Fd,5.88,7.02,87.1,1.677419355,1.85715,0.98748,0.86967,,24.3602009,-21.1217003,1.2,0,5,10,85,10735.25417,2624.400604,31759.01468,5167.809268,Calcisol,0.16933696,0.09801053,0.22824433,0.22463824
SD8Fd,87,CT8,CT8S,SD8,Fd,26.85,14.62,58.53,1.080886924,1.41012,0.10193,1.30819,,24.3929996,-21.0849991,7.05,0,0,70,30,5924.140547,2819.829115,27928.04505,6130.904202,Calcisol,0.12566811,0.08716701,0.11045219,0.11115852
SE1Fd,88,CT8,CT8S,SE1,Fd,4,2.36,93.64,1.618680113,0.331728037,0,0.3301,,24.1863003,-21.3339005,0.275,85,0,0,15,39866.24013,3154.857367,3232.356429,25233.9229,Aeronosol,0.18135759,0.13712302,0.36205968,0.28365183
SE1Rd,89,CT8,CT8S,SE1,Rd,4,1.05,94.95,1.757426082,0.2785,0.00017,0.27833,7.71,24.1863003,-21.3339005,0.15,0,0,100,0,39866.24013,3154.857367,3232.356429,25233.9229,Aeronosol,0.18135759,0.13712302,0.36205968,0.28365183
SE2Fd,90,CT8,CT8S,SE2,Fd,NA,NA,NA,1.735610894,0.28129,0.00011,0.28118,,24.2122002,-21.3104992,0,0,50,10,40,36136.70625,2540.657535,6937.197394,21630.60139,Aeronosol,0.18970029,0.15070535,0.37133625,0.28365943
SE3Fd,91,CT8,CT8S,SE3,Fd,4.88,3.36,91.76,NA,0.28707,0,0.28707,7.36,24.2604008,-21.2789001,0.1,0,30,15,55,30197.35471,4358.845312,13042.0598,16332.25485,Aeronosol,0.19310752,0.13129689,0.40377438,0.24885637
SE3Rd,92,CT8,CT8S,SE3,Rd,NA,NA,NA,NA,0.37577,0,0.37577,,24.2604008,-21.2789001,0,0,0,100,0,30197.35471,4358.845312,13042.0598,16332.25485,Aeronosol,0.19310752,0.13129689,0.40377438,0.24885637
SE4Fd,93,CT8,CT8S,SE4,Fd,NA,NA,NA,1.617273787,0.43138,0,0.43138,7.24,24.2835007,-21.2395,0.4,0,25,10,65,25335.06175,5640.932607,17573.52703,11431.25479,Calcisol,0.21792477,0.14370453,0.47041488,0.25715345
SE4Rd,94,CT8,CT8S,SE4,Rd,NA,NA,NA,1.648787732,0.43299,0,0.43299,,24.2835007,-21.2395,1.1,0,0,100,0,25335.06175,5640.932607,17573.52703,11431.25479,Calcisol,0.21792477,0.14370453,0.47041488,0.25715345
SE5Fd,95,CT8,CT8S,SE5,Fd,4.17,1.89,93.95,NA,0.43779,0,0.43779,,24.3276005,-21.2171001,0,30,0,60,10,20476.63916,3819.927901,22729.23828,8584.604444,Aeronosol,0.23272695,0.12868445,0.3804767,0.25592965
SE5Rd,96,CT8,CT8S,SE5,Rd,NA,NA,NA,NA,0.29237,0,0.29237,,24.3276005,-21.2171001,0,0,0,100,0,20476.63916,3819.927901,22729.23828,8584.604444,Aeronosol,0.23272695,0.12868445,0.3804767,0.25592965
SE6Fd,97,CT8,CT8S,SE6,Fd,7.64,5.5,86.86,1.533902389,1.01064,0.00939,1.00125,,24.3563004,-21.1844997,0.425,0,95,0,5,15793.69838,2665.493969,27278.30148,6508.901591,Calcisol,0.20355496,0.10396495,0.26281482,0.19924845
SE6Rd,98,CT8,CT8S,SE6,Rd,NA,NA,NA,1.751937984,0.61218,0.0387,0.57348,,24.3563004,-21.1844997,1.55,0,0,100,0,15793.69838,2665.493969,27278.30148,6508.901591,Calcisol,0.20355496,0.10396495,0.26281482,0.19924845
SE7Fd,99,CT8,CT8S,SE7,Fd,8,6.66,85.34,1.67262232,0.60121,0.00014,0.60107,,24.3920002,-21.1485996,0.15,0,5,60,35,10376.98514,2425.093436,32629.33469,8080.430014,Leptosol,0.15701838,0.09216919,0.26708293,0.16123335
SE7Rd,100,CT8,CT8S,SE7,Rd,NA,NA,NA,1.606239692,1.28468,0.58081,0.70387,,24.3920002,-21.1485996,0,0,0,100,0,10376.98514,2425.093436,32629.33469,8080.430014,Leptosol,0.15701838,0.09216919,0.26708293,0.16123335
SE8Fd,101,CT8,CT8S,SE8,Fd,8.99,4.75,86.25,1.484667627,0.64302,0.01625,0.62677,,24.4232998,-21.1179008,0.525,0,40,30,30,5735.813904,401.7801059,31559.9568,10047.29714,Solonetz,0.15701838,0.09216919,0.26708293,0.16123335
SE8Rd,102,CT8,CT8S,SE8,Rd,11.16,5.28,83.56,1.433331039,0.75894,0.00292,0.75602,,24.4232998,-21.1179008,0.9,0,0,100,0,5735.813904,401.7801059,31559.9568,10047.29714,Solonetz,0.15701838,0.09216919,0.26708293,0.16123335
